employee_id,first_name,last_name,gender,date_of_birth,position,department,location,address,address2,salary,email,ssn,github_username,ip_address
1001,John,Smith,Male,3/15/1985,Manager,Human Resources,New York,403 Sherman Crossing,Room 1942,95000,john.smith@example.com,763-03-6669,ÂíåË£ΩÊº¢Ë™û,122.118.77.132
1002,Sarah,Johnson,Female,9/28/1990,Senior Analyst,Finance,Chicago,40862 Mallard Terrace,18th Floor,80000,sarah.johnson@example.com,354-85-4638,¬°‚Ñ¢¬£¬¢‚àû¬ß¬∂‚Ä¢¬™¬∫‚Äì‚â†,228.142.103.150
1003,Michael,Williams,Male,11/10/1982,Software Engineer,IT,San Francisco,086 Dahle Lane,Suite 93,90000,michael.williams@example.com,449-68-9971,üêµ üôà üôâ üôä,63.71.219.214
1004,Emily,Brown,Female,6/3/1992,Marketing Specialist,Marketing,Miami,6 Claremont Alley,Room 638,70000,emily.brown@example.com,416-02-4756,stanman0,956.96.65.233
1005,Robert,Jones,Male,8/22/1988,Operations Manager,Operations,Dallas,7 Jay Street,20th Floor,100000,robert.jones@example.com,254-55-7833,bingliby1,924.941.935.989
1006,Olivia,Taylor,Female,7/12/1991,HR Generalist,Human Resources,New York,676 Erie Street,Apt 25,75000,olivia.taylor@example.com,701-38-9555,tconfort2,925.29.74.190
1007,David,Miller,Male,4/18/1984,Financial Analyst,Finance,Chicago,93 Laurel Hill,Suite 38,85000,david.miller@example.com,639-68-1686,ncobden3,43.28.205.192
1008,Sophia,Anderson,Female,2/9/1987,Database Administrator,IT,San Francisco,54167 Little Fleur Trail,Apt 1781,95000,sophia.anderson@example.com,106-30-8304,kvasiliev4,119.191.216.134
1009,James,Thomas,Male,5/25/1993,Graphic Designer,Marketing,Miami,68 Ridgeview Hill,Apt 1248,60000,james.thomas@example.com,135-58-0928,steece5,196.158.42.230
1010,Emma,Robinson,Female,10/7/1989,Supply Chain Manager,Operations,Dallas,57088 Randy Parkway,Room 880,110000,emma.robinson@example.com,835-06-1645,lcrocker6,180.190.84.39
1011,William,Clark,Male,12/1/1986,HR Coordinator,Human Resources,New York,0 Eagan Terrace,Apt 1787,55000,william.clark@example.com,819-33-5718,cpeiser7,235.113.76.171
1012,Isabella,Hill,Female,1/14/1994,Software Developer,IT,San Francisco,1 Ilene Road,16th Floor,85000,isabella.hill@example.com,565-04-9622,mganning8,156.222.219.226
1013,Aiden,Young,Male,4/30/1990,Marketing Manager,Marketing,Miami,86363 Atwood Way,Apt 1698,90000,aiden.young@example.com,119-60-1351,fmatashkin9,47.152.30.213
1014,Mia,Mitchell,Female,8/9/1987,Financial Controller,Finance,Chicago,74306 Miller Parkway,Suite 82,120000,mia.mitchell@example.com,216-18-4898,mokinedya,222.124.80.7
1015,Liam,Turner,Male,11/5/1991,Operations Analyst,Operations,Dallas,62 Waxwing Trail,PO Box 55469,75000,liam.turner@example.com,328-61-2530,bcawtherab,234.61.129.202
1016,Sofia,King,Female,9/19/1988,HR Assistant,Human Resources,New York,7819 Merchant Pass,PO Box 29459,50000,sofia.king@example.com,390-59-6999,bbleacherc,189.216.81.81
1017,Noah,Walker,Male,7/26/1983,IT Manager,IT,San Francisco,166 Pawling Terrace,Suite 83,105000,noah.walker@example.com,788-60-1782,rconninghamd,33.55.125.241
1018,Ava,Scott,Female,2/17/1992,Marketing Coordinator,Marketing,Miami,8506 Old Gate Court,PO Box 50473,60000,ava.scott@example.com,865-12-4595,grandalstone,247.36.249.195
1019,Ethan,Green,Male,5/10/1989,Financial Advisor,Finance,Chicago,0 Elgar Trail,Room 983,80000,ethan.green@example.com,658-71-2870,srossonif,61.107.102.208
1020,Charlotte,Hall,Female,8/14/1993,Operations Supervisor,Operations,Dallas,97 Nancy Trail,Apt 1478,90000,charlotte.hall@example.com,624-10-6410,mbescobyg,121.26.14.243
1021,Mason,Adams,Male,10/27/1986,HR Manager,Human Resources,New York,7278 Maple Wood Plaza,Suite 38,95000,mason.adams@example.com,172-75-5817,mbethellh,222.205.86.220
1022,Avery,Wright,Female,3/23/1994,IT Support Specialist,IT,San Francisco,58677 Donald Lane,Room 1525,65000,avery.wright@example.com,355-52-8412,agiraudouxi,149.179.178.59
1023,Evelyn,Bailey,Female,11/6/1988,Marketing Analyst,Marketing,Miami,6 David Center,Suite 99,70000,evelyn.bailey@example.com,190-24-3225,rligoej,173.130.81.131
1024,Logan,Harris,Male,12/18/1991,Financial Planner,Finance,Chicago,147 Manitowish Place,Suite 67,90000,logan.harris@example.com,350-48-8921,ccristofarok,9.27.7.178
1025,Zoe,Allen,Female,7/3/1985,Operations Coordinator,Operations,Dallas,603 Main Place,Apt 1729,55000,zoe.allen@example.com,617-45-6024,uwoodersonl,233.244.127.248
1026,Carter,Young,Male,9/16/1983,HR Specialist,Human Resources,New York,06855 Bluejay Crossing,Apt 471,60000,carter.young@example.com,325-81-9216,aangrovem,131.42.106.80
1027,Hannah,Martin,Female,4/2/1990,IT Analyst,IT,San Francisco,909 Esch Crossing,Apt 1464,75000,hannah.martin@example.com,701-80-6466,egirvann,150.207.200.100
1028,Lucas,Turner,Male,6/25/1992,Marketing Assistant,Marketing,Miami,67 Golf Course Alley,Room 1709,45000,lucas.turner@example.com,263-97-5758,ttolletto,205.114.190.35
1029,Stella,Phillips,Female,1/8/1987,Financial Analyst,Finance,Chicago,51 Schlimgen Avenue,Room 941,80000,stella.phillips@example.com,448-29-5319,melcoxp,161.172.145.207
1030,Gabriel,Cook,Male,3/21/1993,Operations Analyst,Operations,Dallas,77 Rigney Park,10th Floor,65000,gabriel.cook@example.com,242-87-2510,nforteq,138.240.81.124
1031,Victoria,Hall,Female,9/14/1989,HR Coordinator,Human Resources,New York,22 Clyde Gallagher Road,15th Floor,55000,victoria.hall@example.com,692-34-8862,imathanr,106.82.97.44
1032,Jackson,Morris,Male,1/31/1995,Software Engineer,IT,San Francisco,0 Acker Point,Apt 1514,95000,jackson.morris@example.com,425-06-7385,rlightfoots,198.122.193.103
1033,Lily,Wilson,Female,7/29/1992,Marketing Specialist,Marketing,Miami,70515 Nelson Avenue,PO Box 98785,70000,lily.wilson@example.com,468-72-8974,jpilmoort,112.214.11.19
1034,Leo,Gray,Male,8/2/1988,Operations Manager,Operations,Dallas,22336 Hoffman Way,4th Floor,100000,leo.gray@example.com,142-18-8025,jtarbinu,198.203.226.23
1035,Aubrey,Cooper,Female,6/17/1991,HR Generalist,Human Resources,New York,71247 Fairfield Street,PO Box 30602,75000,aubrey.cooper@example.com,829-17-1269,khurlstonv,72.139.160.42
1036,Julian,Reed,Male,11/11/1984,Financial Analyst,Finance,Chicago,248 Clyde Gallagher Way,4th Floor,85000,julian.reed@example.com,431-85-6080,nglowinskiw,120.10.143.222
1037,Scarlett,Ross,Female,9/25/1994,Software Developer,IT,San Francisco,06 Gina Road,8th Floor,90000,scarlett.ross@example.com,542-28-9130,ayukhninx,38.237.208.233
1038,Owen,Murphy,Male,2/3/1989,Marketing Manager,Marketing,Miami,538 Gerald Junction,15th Floor,95000,owen.murphy@example.com,130-09-0971,rjedrzejy,217.120.5.124
1039,Lucy,Hughes,Female,5/19/1990,Financial Controller,Finance,Chicago,7 Shoshone Junction,Suite 87,120000,lucy.hughes@example.com,498-47-8836,afennez,243.67.16.214
1040,Sebastian,Long,Male,9/12/1987,Operations Analyst,Operations,Dallas,91 Maryland Lane,Room 338,75000,sebastian.long@example.com,818-91-0118,calman10,239.211.239.228
1041,Addison,Parker,Female,12/28/1993,HR Assistant,Human Resources,New York,6 Schurz Avenue,Suite 78,50000,addison.parker@example.com,396-29-4244,zarmin11,15.181.125.37
1042,Grace,Howard,Female,3/4/1985,IT Manager,IT,San Francisco,14819 Kinsman Circle,Suite 85,105000,grace.howard@example.com,313-21-5201,mmaris12,173.1.94.153
1043,Henry,Butler,Male,8/11/1991,Marketing Coordinator,Marketing,Miami,82 Commercial Junction,Apt 1973,60000,henry.butler@example.com,743-32-5494,dgowanson13,133.234.249.63
1044,Luna,Ward,Female,11/7/1988,Financial Advisor,Finance,Chicago,7 Kings Point,PO Box 9753,80000,luna.ward@example.com,278-55-6229,fohear14,203.119.248.179
1045,Eli,Morgan,Male,6/20/1990,Operations Supervisor,Operations,Dallas,765 Lotheville Point,14th Floor,90000,eli.morgan@example.com,860-96-7911,bmertin15,212.178.188.8
1046,Ellie,Turner,Female,9/15/1992,HR Manager,Human Resources,New York,7642 Del Sol Point,PO Box 47172,95000,ellie.turner@example.com,584-15-7633,bkleinholz16,29.15.189.84
1047,Gabriel,Gray,Male,10/18/1984,IT Support Specialist,IT,San Francisco,684 Huxley Circle,PO Box 33974,65000,gabriel.gray@example.com,363-79-6203,bmcgeachy17,77.115.110.69
1048,Lila,Rivera,Female,3/8/1993,Marketing Analyst,Marketing,Miami,2 Prairieview Center,Apt 1592,70000,lila.rivera@example.com,288-82-1188,fattwood18,178.120.146.99
1049,Ethan,Cook,Male,7/11/1988,Financial Planner,Finance,Chicago,66032 Sheridan Lane,Room 188,90000,ethan.cook@example.com,449-50-5593,gbampforth19,12.0.178.109
1050,Leah,Reed,Female,10/25/1991,Operations Coordinator,Operations,Dallas,69596 Aberg Crossing,Room 842,55000,leah.reed@example.com,700-50-1867,wportriss1a,208.19.140.129
1051,Isaac,Phillips,Male,4/19/1986,HR Specialist,Human Resources,New York,881 Stone Corner Parkway,PO Box 15406,60000,isaac.phillips@example.com,685-75-9745,haiston1b,88.127.212.229
1052,Bella,Wright,Female,6/13/1994,IT Analyst,IT,San Francisco,4 Boyd Terrace,Suite 39,75000,bella.wright@example.com,665-44-7803,jachurch1c,188.153.13.219
1053,Jack,Martin,Male,8/27/1983,Marketing Assistant,Marketing,Miami,128 Grayhawk Street,7th Floor,45000,jack.martin@example.com,226-18-7135,ptuckley1d,178.134.192.69
1054,Clara,Turner,Female,2/9/1987,Financial Analyst,Finance,Chicago,3 Russell Street,PO Box 80646,80000,clara.turner@example.com,345-59-4468,bwestphal1e,153.113.24.54
1055,Hudson,Hall,Male,4/5/1992,Operations Analyst,Operations,Dallas,2091 Vera Trail,Apt 1150,65000,hudson.hall@example.com,205-79-1542,tmcgookin1f,151.100.86.12
1056,Amelia,Adams,Female,9/21/1989,HR Coordinator,Human Resources,New York,9531 Forest Dale Terrace,Room 211,55000,amelia.adams@example.com,338-09-9234,reltune1g,125.76.166.166
1057,Luke,Gray,Male,2/16/1995,Software Engineer,IT,San Francisco,1 Aberg Terrace,PO Box 30798,95000,luke.gray@example.com,801-82-7561,rcaret1h,155.85.136.136
1058,Nora,Hughes,Female,8/4/1992,Marketing Specialist,Marketing,Miami,73 Steensland Hill,Suite 68,70000,nora.hughes@example.com,813-40-6139,aeisikovitsh1i,120.113.51.183
1059,Michael,Carter,Male,10/27/1988,Operations Manager,Operations,Dallas,4 Dayton Park,PO Box 82572,100000,michael.carter@example.com,416-78-9932,amartyns1j,74.16.68.24
1060,Mila,Cooper,Female,7/19/1991,HR Generalist,Human Resources,New York,8687 Rowland Parkway,Suite 92,75000,mila.cooper@example.com,719-32-1416,thanlon1k,228.174.165.215
1061,Grayson,Reed,Male,12/11/1984,Financial Analyst,Finance,Chicago,24 Bunting Parkway,PO Box 747,85000,grayson.reed@example.com,404-01-3827,kkeach1l,167.197.177.207
1062,Hazel,Ross,Female,10/25/1994,Software Developer,IT,San Francisco,8471 Killdeer Pass,Room 1658,90000,hazel.ross@example.com,697-17-7618,screeghan1m,145.73.143.134
1063,Levi,Murphy,Male,3/8/1989,Marketing Manager,Marketing,Miami,7126 Armistice Alley,Suite 80,95000,levi.murphy@example.com,546-25-7418,vpeskin1n,163.99.164.45
1064,Abigail,Hughes,Female,6/24/1990,Financial Controller,Finance,Chicago,4211 Nevada Junction,PO Box 62760,120000,abigail.hughes@example.com,660-14-1039,rblakeslee1o,165.231.121.17
1065,Austin,Long,Male,10/16/1987,Operations Analyst,Operations,Dallas,01924 Brickson Park Alley,PO Box 54018,75000,austin.long@example.com,112-11-1685,opardal1p,174.249.79.214
1066,Aria,Scott,Female,1/1/1993,HR Assistant,Human Resources,New York,50 Erie Center,Apt 571,50000,aria.scott@example.com,282-51-8713,lpulford1q,155.162.100.87
1067,Eliana,Howard,Female,4/14/1985,IT Manager,IT,San Francisco,6073 Esch Trail,15th Floor,105000,eliana.howard@example.com,228-81-5769,tbroader1r,136.110.27.14
1068,Adam,Butler,Male,9/21/1991,Marketing Coordinator,Marketing,Miami,8092 2nd Alley,Apt 1531,60000,adam.butler@example.com,473-35-8240,dblackaller1s,66.103.176.209
1069,Lyla,Ward,Female,12/7/1988,Financial Advisor,Finance,Chicago,2229 Northridge Trail,Apt 866,80000,lyla.ward@example.com,245-06-9248,bcare1t,171.20.41.102
1070,Daniel,Morgan,Male,7/20/1990,Operations Supervisor,Operations,Dallas,23 Daystar Plaza,12th Floor,90000,daniel.morgan@example.com,121-68-1350,kbanbrigge1u,39.99.213.108
1071,Sadie,Turner,Female,10/15/1992,HR Manager,Human Resources,New York,1 Stuart Center,Apt 1123,95000,sadie.turner@example.com,595-95-3250,dstaden1v,33.203.9.229
1072,Jacob,Gray,Male,11/30/1984,IT Support Specialist,IT,San Francisco,3 Loeprich Terrace,PO Box 70910,65000,jacob.gray@example.com,812-69-4711,rnorthridge1w,184.16.213.55
1073,Audrey,Rivera,Female,6/27/1993,Marketing Analyst,Marketing,Miami,47012 Moose Street,15th Floor,70000,audrey.rivera@example.com,267-71-1019,rmansell1x,253.124.47.240
1074,Caleb,Cook,Male,7/30/1988,Financial Planner,Finance,Chicago,55 Sutteridge Road,PO Box 12008,90000,caleb.cook@example.com,375-03-5845,jmcateer1y,48.216.69.135
1075,Penelope,Reed,Female,11/13/1991,Operations Coordinator,Operations,Dallas,2337 Kings Place,Suite 59,55000,penelope.reed@example.com,824-16-3870,apeffer1z,103.154.225.4
1076,Gavin,Phillips,Male,5/27/1986,HR Specialist,Human Resources,New York,30 Haas Lane,Suite 66,60000,gavin.phillips@example.com,204-90-0625,pbriance20,103.88.189.121
1077,Lily,Wright,Female,8/21/1994,IT Analyst,IT,San Francisco,9574 Victoria Street,PO Box 88835,75000,lily.wright@example.com,208-99-5091,jraith21,11.15.66.160
1078,Max,Martin,Male,10/14/1983,Marketing Assistant,Marketing,Miami,995 Homewood Center,8th Floor,45000,max.martin@example.com,132-78-5406,nmaine22,127.193.39.171
1079,Savannah,Turner,Female,3/9/1987,Financial Analyst,Finance,Chicago,65 Claremont Road,PO Box 26282,80000,savannah.turner@example.com,649-41-2564,cmelan23,56.218.169.164
1080,Christopher,Hall,Male,5/25/1992,Operations Analyst,Operations,Dallas,7147 Bluestem Court,PO Box 14931,65000,christopher.hall@example.com,248-92-6052,ylevinge24,168.149.226.215
1081,Hailey,Cook,Female,9/15/1993,HR Coordinator,Human Resources,New York,56357 Raven Place,Apt 547,55000,hailey.cook@example.com,688-81-5264,rcorde25,178.116.126.148
1082,Asher,Phillips,Male,2/28/1995,Software Engineer,IT,San Francisco,22230 Ronald Regan Junction,Apt 1542,95000,asher.phillips@example.com,468-29-4403,nferre26,0.167.98.14
1083,Aurora,Hughes,Female,9/5/1992,Marketing Specialist,Marketing,Miami,24 Cottonwood Circle,Room 1767,70000,aurora.hughes@example.com,655-65-4696,aconeley27,51.140.197.0
1084,Jonathan,Butler,Male,11/8/1988,Operations Manager,Operations,Dallas,32 Pierstorff Circle,Suite 14,100000,jonathan.butler@example.com,766-65-8251,ccritten28,191.62.149.99
1085,Chloe,Cooper,Female,8/23/1991,HR Generalist,Human Resources,New York,1451 Commercial Avenue,Room 907,75000,chloe.cooper@example.com,749-97-3178,bbreckon29,131.49.6.108
1086,Elijah,Reed,Male,12/16/1984,Financial Analyst,Finance,Chicago,1 Summit Street,Apt 726,85000,elijah.reed@example.com,286-75-0304,dpoutress2a,4.215.231.149
1087,Violet,Miller,Female,11/30/1994,Software Developer,IT,San Francisco,7669 Granby Street,Room 993,90000,violet.miller@example.com,460-20-3779,rcristofol2b,60.161.39.188
1088,Lincoln,Murphy,Male,3/24/1989,Marketing Manager,Marketing,Miami,7 Pennsylvania Parkway,Room 612,95000,lincoln.murphy@example.com,346-29-0293,bburdett2c,17.229.152.173
1089,Natalie,Hughes,Female,7/7/1990,Financial Controller,Finance,Chicago,186 Oak Trail,Suite 75,120000,natalie.hughes@example.com,528-26-6469,vewen2d,41.119.130.204
1090,Julian,Long,Male,10/31/1987,Operations Analyst,Operations,Dallas,8 Corben Circle,4th Floor,75000,julian.long@example.com,224-22-9879,aredgrove2e,56.168.195.245
1091,Stella,Scott,Female,2/14/1993,HR Assistant,Human Resources,New York,969 Bonner Parkway,PO Box 23023,50000,stella.scott@example.com,424-25-8831,btalkington2f,74.93.177.94
1092,Xavier,Howard,Male,5/26/1985,IT Manager,IT,San Francisco,9 Mayfield Lane,Room 1300,105000,xavier.howard@example.com,871-74-0614,bghiraldi2g,10.141.239.143
1093,Aria,Butler,Female,10/10/1991,Marketing Coordinator,Marketing,Miami,14408 Westport Plaza,Suite 8,60000,aria.butler@example.com,621-10-8030,mmatuschek2h,27.210.188.127
1094,Liam,Ward,Male,12/23/1988,Financial Advisor,Finance,Chicago,48 Forster Way,Room 1328,80000,liam.ward@example.com,535-04-3750,amcmurty2i,72.137.193.254
1095,Eva,Morgan,Female,7/6/1990,Operations Supervisor,Operations,Dallas,316 Eggendart Center,Apt 1987,90000,eva.morgan@example.com,579-35-4682,rklaesson2j,130.167.244.231
1096,Oliver,Turner,Male,10/20/1992,HR Manager,Human Resources,New York,504 Crescent Oaks Trail,Apt 495,95000,oliver.turner@example.com,281-16-0353,abavage2k,23.115.145.56
1097,Mia,Gray,Female,12/14/1994,IT Support Specialist,IT,San Francisco,037 Luster Road,Room 277,65000,mia.gray@example.com,329-54-4798,kjennions2l,49.46.157.225
1098,Noah,Rivera,Male,7/29/1993,Marketing Analyst,Marketing,Miami,7876 Lawn Parkway,Room 655,70000,noah.rivera@example.com,734-15-2371,khallas2m,240.193.65.115
1099,Sophia,Cook,Female,8/2/1988,Financial Planner,Finance,Chicago,9 Dexter Parkway,Room 473,90000,sophia.cook@example.com,716-76-5134,nbunton2n,52.234.111.98
1100,James,Reed,Male,5/17/1991,Operations Coordinator,Operations,Dallas,295 Raven Court,Apt 11,55000,james.reed@example.com,665-79-7901,sorniz2o,150.61.185.0
